<?xml version="1.0" encoding="UTF-8" standalone="yes"?>
<addon id="repository.aznvn" name="AznVNRepo" version="1.0.0" provider-name="AznVN">
	<extension point="xbmc.addon.repository" name="AznVNRepo">
		<info compressed="false">https://raw.github.com/AznVN/repository.aznvn/master/addons.xml</info>
		<checksum>https://raw.github.com/AznVN/repository.aznvn/master/addons.xml.md5</checksum>
		<datadir zip="true">https://github.com/AznVN/repository.aznvn/raw/master</datadir>
	</extension>
	<extension point="xbmc.addon.metadata">
		<summary>Kodi Repo</summary>
		<description>Repo for Kodi</description>
		<platform>all</platform>
	</extension>
</addon>