<?xml version="1.0" encoding="UTF-8" standalone="yes"?>
<addon id="repository.itvplus"
		name="[COLOR ffff0000]ITVPLUS[/COLOR] Repository"
		version="1.1.0"
		provider-name="ITV member">
	<requires>
		<import addon="xbmc.addon" version="12.0.0"/>
	</requires>
	<extension point="xbmc.addon.repository"
		name="ITV Add-on's Repository">
		<info compressed="true">http://xbmc.itvplus.net/REPO/addons.xml</info>
		<checksum>http://xbmc.itvplus.net/REPO/addons.xml.md5</checksum>
		<datadir zip="true">http://xbmc.itvplus.net/REPO</datadir>
	</extension>
	<extension point="xbmc.addon.metadata">
		<summary lang="en">Entertainment</summary>
		<description lang="en">Download and install addons from ITV Repository</description>
		<language>en</language>
		<platform>all</platform>
		<email>kodi.itvplus@gmail.com</email>
	</extension>
</addon>